{
  "final_loss": 0.6891627788543702,
  "steps": 33,
  "final_reward_chosen": -0.003875312814489007,
  "final_reward_rejected": -0.01287412066012621
}